Kategori,Title,Description,Keywords,Konten
buku,Buku Matemtika Kelas 12,Buku Matemtika Kelas 12,aa,"Our free tool is limited in the fact that it only creates five content ideas at a time. However, our premium in-app blog idea generator lets you ideate more deeply. When you sign up to Copy.ai, you get 100 credits to try out all our premium tools for free. "
buku,Buku Matemtika Kelas 13,Buku Matemtika Kelas 13,bb,Open the Copy.ai app. You’ll find the blog ideas generator under “Blog Tools” in the left-hand “Tools” menu of the application. Click on it to open the generator interface. 
buku,Buku Matemtika Kelas 14,Buku Matemtika Kelas 14,cc,"Our free tool is limited in the fact that it only creates five content ideas at a time. However, our premium in-app blog idea generator lets you ideate more deeply. When you sign up to Copy.ai, you get 100 credits to try out all our premium tools for free. "
pena,Pena Permanen Hitam,Pena Permanen Hitam,dd,Open the Copy.ai app. You’ll find the blog ideas generator under “Blog Tools” in the left-hand “Tools” menu of the application. Click on it to open the generator interface. 
pena,Pena Permanen Merah,Pena Permanen Merah,aa,"Our free tool is limited in the fact that it only creates five content ideas at a time. However, our premium in-app blog idea generator lets you ideate more deeply. When you sign up to Copy.ai, you get 100 credits to try out all our premium tools for free. "
pena,Pena Permanen Hijau,Pena Permanen Hijau,bb,Open the Copy.ai app. You’ll find the blog ideas generator under “Blog Tools” in the left-hand “Tools” menu of the application. Click on it to open the generator interface. 
penghapus,Penghapus 01,Penghapus 01,cc,"Our free tool is limited in the fact that it only creates five content ideas at a time. However, our premium in-app blog idea generator lets you ideate more deeply. When you sign up to Copy.ai, you get 100 credits to try out all our premium tools for free. "
penghapus,Penghapus 02,Penghapus 02,dd,Open the Copy.ai app. You’ll find the blog ideas generator under “Blog Tools” in the left-hand “Tools” menu of the application. Click on it to open the generator interface. 
penghapus,Penghapus 03,Penghapus 03,aa,"Our free tool is limited in the fact that it only creates five content ideas at a time. However, our premium in-app blog idea generator lets you ideate more deeply. When you sign up to Copy.ai, you get 100 credits to try out all our premium tools for free. "
penghapus,Penghapus 04,Penghapus 04,bb,Open the Copy.ai app. You’ll find the blog ideas generator under “Blog Tools” in the left-hand “Tools” menu of the application. Click on it to open the generator interface. 
,,,,
,,,,
,,,,
,,,,
,,,,
,,,,
,,,,
,,,,
,,,,
,,,,
,,,,
,,,,
,,,,
,,,,
,,,,
,,,,
,,,,
,,,,
,,,,
,,,,
,,,,
,,,,
,,,,
,,,,
,,,,
,,,,
,,,,
,,,,
,,,,
,,,,
,,,,
,,,,
